File,_id,name,synopsys,type,buckets
knob,projectdescription,Project Description,The official Project Description for the Knob Hill Wind Project,document,rg:[]
knob,locationoutline,Location Outline,Location Outline,shapefile,rg:[]
knob,section10.1c,Section 10.1c,Section 10.1c,document,rg:[]
knob,section11,Section 11,Section 11,document,rg:[]
knob,drafta.i.r.,Draft A.I.R.,Draft A.I.R.,document,rg:[]
knob,a.i.r.,A.I.R.,A.I.R.,document,rg:[]
knob,application,Application,Application,document,rg:[]
-,0,0,0,0,rg:[]
-,0,0,0,0,rg:[]
-,0,0,0,0,rg:[]
-,0,0,0,0,rg:[]
-,0,0,0,0,rg:[]
-,0,0,0,0,rg:[]
-,0,0,0,0,rg:[]
-,0,0,0,0,rg:[]
-,0,0,0,0,rg:[]
-,0,0,0,0,rg:[]
-,0,0,0,0,rg:[]
-,0,0,0,0,rg:[]
-,0,0,0,0,rg:[]
-,0,0,0,0,rg:[]
-,0,0,0,0,rg:[]
-,0,0,0,0,rg:[]
